{"cameraMode":{"drawMode":0,"name":"Shaded","section":"Shading Mode"},"sceneLighting":false,"audioPlay":false,"sceneViewState":{"showFog":true,"showMaterialUpdate":false,"showSkybox":false,"showFlares":true,"showImageEffects":true,"showParticleSystems":true},"in2DMode":false,"pivot":{"x":0.000431060791015625,"y":-0.31249991059303286,"z":0.00096893310546875},"rotation":{"x":-0.36749663949012759,"y":0.046566229313611987,"z":-0.018420550972223283,"w":-0.9286853671073914},"size":7.077969074249268,"orthographic":false}