{"cameraMode":{"drawMode":0,"name":"Shaded","section":"Shading Mode"},"sceneLighting":true,"audioPlay":false,"sceneViewState":{"showFog":true,"showMaterialUpdate":false,"showSkybox":true,"showFlares":true,"showImageEffects":true,"showParticleSystems":true},"in2DMode":false,"pivot":{"x":15.176549911499024,"y":20.720115661621095,"z":-3.297159194946289},"rotation":{"x":-0.40256109833717348,"y":-0.003558825235813856,"z":0.0016003100899979473,"w":-0.915406346321106},"size":10.32535171508789,"orthographic":false}