{"cameraMode":{"drawMode":0,"name":"Shaded","section":"Shading Mode"},"sceneLighting":true,"audioPlay":false,"sceneViewState":{"showFog":true,"showMaterialUpdate":false,"showSkybox":true,"showFlares":true,"showImageEffects":true,"showParticleSystems":true},"in2DMode":false,"pivot":{"x":26.83397674560547,"y":22.025012969970704,"z":43.22887420654297},"rotation":{"x":-0.4620753824710846,"y":-0.004724157974123955,"z":0.0026162010617554189,"w":-0.8868904709815979},"size":12.443269729614258,"orthographic":false}