{"cameraMode":{"drawMode":0,"name":"Shaded","section":"Shading Mode"},"sceneLighting":true,"audioPlay":false,"sceneViewState":{"showFog":true,"showMaterialUpdate":false,"showSkybox":true,"showFlares":true,"showImageEffects":true,"showParticleSystems":true},"in2DMode":false,"pivot":{"x":84.6515884399414,"y":-5.912818908691406,"z":9.768463134765625},"rotation":{"x":-0.5653093457221985,"y":0.13876083493232728,"z":-0.09698305279016495,"w":-0.8073958158493042},"size":34.61134338378906,"orthographic":false}